,Unnamed: 0,Level,District Code,District Name,School Code,School Name,Content,Grade,Number of Total Records,Number of Valid Scores,Number of No Scores,Participation Rate 2023,Participation Rate 2022,Participation Rate 2019,Mean Scale Score,Standard Deviation,Number Did Not Yet Meet Expectations,Percent Did Not Yet Meet Expectations,Number Partially Met Expectations,Percent Partially Met Expectations,Number Approached Expectations,Percent Approached Expectations,Number Met Expectations,Percent Met Expectations,Number Exceeded Expectations,Percent Exceeded Expectations,Number Met or Exceeded Expectations,2023,2022,2019,"Change
2023-2022",Unnamed: 30,2023 Spend Per Student,2022 Spend Per Student,2021 Spend Per Student,2019 Spend Per Student,2023 Total Budget,2022 Total Budget,2021 Total Budget,2019 Total Budget,2023 Grade 3 meets or exceeds expectations,2022 Grade 3 meets or exceeds expectations,2021 Grade 3 meets or exceeds expectations,2019 Grade 3 meets or exceeds expectations,2023 Grade 3 Mean Scale Score,2022 Grade 3 Mean Scale Score,2021 Grade 3 Mean Scale Score,2019 Grade 3 Mean Scale Score,2023 Grade 4 meets or exceeds expectations,2022 Grade 4 meets or exceeds expectations,2021 Grade 4 meets or exceeds expectations,2019 Grade 4 meets or exceeds expectations,2023 Grade 4 Mean Scale Score,2022 Grade 4 Mean Scale Score,2021 Grade 4 Mean Scale Score,2019 Grade 4 Mean Scale Score,2023 Grade 5 meets or exceeds expectations,2022 Grade 5 meets or exceeds expectations,2021 Grade 5 meets or exceeds expectations,2019 Grade 5 meets or exceeds expectations,2023 Grade 5 Mean Scale Score,2022 Grade 5 Mean Scale Score,2021 Grade 5 Mean Scale Score,2019 Grade 5 Mean Scale Score,2023 Grade 6 meets or exceeds expectations,2022 Grade 6 meets or exceeds expectations,2021 Grade 6 meets or exceeds expectations,2019 Grade 6 meets or exceeds expectations,2023 Grade 6 Mean Scale Score,2022 Grade 6 Mean Scale Score,2021 Grade 6 Mean Scale Score,2019 Grade 6 Mean Scale Score,2023 Grade 7 meets or exceeds expectations,2022 Grade 7 meets or exceeds expectations,2021 Grade 7 meets or exceeds expectations,2019 Grade 7 meets or exceeds expectations,2023 Grade 7 Mean Scale Score,2022 Grade 7 Mean Scale Score,2021 Grade 7 Mean Scale Score,2019 Grade 7 Mean Scale Score,2023 Grade 8 meets or exceeds expectations,2022 Grade 8 meets or exceeds expectations,2021 Grade 8 meets or exceeds expectations,2019 Grade 8 meets or exceeds expectations,2023 Grade 8 Mean Scale Score,2022 Grade 8 Mean Scale Score,2021 Grade 8 Mean Scale Score,2019 Grade 8 Mean Scale Score
963,11877,SCHOOL,1420,Jefferson County R-1,5415,Rocky Mountain Deaf School,Mathematics,All Grades,32,29,3,90.6,82.8,75.0,704,28,15,51.7,8,27.6,- -,- -,- -,- -,- -,- -,- -,- -,- -,- -,- -,7th Congressional District,43773,43615,40463,45434,4400426,3353173,5171706,3631542,,,,,,,,,,,,,,,,,,,,,,,,,,,,,,,,,,,,,,,,,,,,,,,,
116,3887,SCHOOL,100,Alamosa RE-11J,270,Alamosa Online,Mathematics,All Grades,6,< 16,- -,83.3,20.8,,- -,- -,- -,- -,- -,- -,- -,- -,- -,- -,- -,- -,- -,- -,- -,,- -,3rd Congressional District,43805,11424,4642,0,545819,667975,215645,0,,,,,,,,,,,,,,,,,,,,,,,,,,,,,,,,,,,,,,,,,,,,,,,,
1148,13543,SCHOOL,1760,Kim Reorganized 88,4694,Kim Undivided High School,Mathematics,All Grades,7,< 16,- -,0.0,100.0,- -,- -,- -,- -,- -,- -,- -,- -,- -,- -,- -,- -,- -,- -,- -,- -,- -,- -,3rd Congressional District,45428,40404,35426,25392,312723,299211,461176,303606,,,,,,,,,,,,,,,,,,,,,,,,,,,,,,,,,,,,,,,,,,,,,,,,
1147,13535,SCHOOL,1760,Kim Reorganized 88,4690,Kim Elementary School,Mathematics,All Grades,< 4,- -,- -,- -,- -,- -,- -,- -,- -,- -,- -,- -,- -,- -,- -,- -,- -,- -,- -,- -,- -,- -,- -,3rd Congressional District,48199,41261,21719,21773,211945,166162,133214,177271,,,,,,,,,,,,,,,,,,,,,,,,,,,,,,,,,,,,,,,,,,,,,,,,
769,10077,SCHOOL,1020,Cheyenne Mountain 12,9804,Zebulon Pike,Mathematics,All Grades,< 4,- -,- -,- -,,,- -,- -,- -,- -,- -,- -,- -,- -,- -,- -,- -,- -,- -,- -,,,- -,5th Congressional District,49089,31148,27285,0,773508,662847,685863,0,,,,,,,,,,,,,,,,,,,,,,,,,,,,,,,,,,,,,,,,,,,,,,,,
265,5302,SCHOOL,230,Walsh RE-1,9222,Walsh Elementary School,Mathematics,All Grades,64,58,6,90.6,92.7,100.0,734,28,- -,- -,- -,- -,23,39.7,- -,- -,- -,- -,14,24.1,29.4,30.6,-5.3,4th Congressional District,53225,25471,16091,15334,867511,679433,647239,698481,,31.3,,,,734.0,,,,23.5,,,721.0,731.0,,,27.8,,,,736.0,,,727.0,,,,,,,,,,,,,,,,,,,,,,,,
274,5371,SCHOOL,270,Campo RE-6,1252,Campo Undivided High School,Mathematics,All Grades,4,< 16,- -,100.0,100.0,- -,- -,- -,- -,- -,- -,- -,- -,- -,- -,- -,- -,- -,- -,- -,- -,- -,- -,4th Congressional District,56481,42000,58508,26951,567385,652336,420830,289668,,,,,,,,,,,,,,,,,,,,,,,,,,,,,,,,,,,,,,,,,,,,,,,,
526,7784,SCHOOL,880,Denver County 1,7163,Prep Academy,Mathematics,All Grades,15,< 16,- -,80.0,50.0,95.5,- -,- -,- -,- -,- -,- -,- -,- -,- -,- -,- -,- -,- -,- -,- -,- -,- -,1st Congressional District,59743,88553,51065,48775,2625691,3927248,3312166,3397527,,,,,,,,,,,,,,,,,,,,,,,,,,,,,,,,,,,,,,,,,,,,,,,,
266,5310,SCHOOL,230,Walsh RE-1,9226,Walsh High School,Mathematics,All Grades,28,26,2,92.9,96.2,100.0,735,24,- -,- -,- -,- -,9,34.6,- -,- -,- -,- -,9,34.6,32.0,50.0,2.6,4th Congressional District,60635,32466,23140,24561,1007934,775434,645612,704579,,,,,,,,,,,,,,,,,,,,,,,,,,,,,,,,,,,,,,,,,,,,,,,,
953,11781,SCHOOL,1420,Jefferson County R-1,4798,Connections Learning Center on the Earle Johnson C,Mathematics,All Grades,26,20,6,76.9,69.7,87.2,700,24,8,40.0,8,40.0,- -,- -,- -,- -,- -,- -,- -,- -,- -,- -,- -,7th Congressional District,90435,103995,166081,40157,1959688,1784254,1778953,1585923,,,,,,,,,,,,,,,,,,,,,,,,,,,,,,,,,,,,,,,,697.0,,,,,,,,676.0
301,5621,SCHOOL,470,St Vrain Valley RE1J,4333,Firestone Charter Academy,Mathematics,All Grades,347,326,21,93.9,94.7,97.5,734,32,49,15.0,79,24.2,88,27.0,99,30.4,11,3.4,110,33.7,35.1,35.2,-1.4,2nd Congressional District,46,10508,10402,11414,1547333,11563555,9389793,25106409,24.4,46.4,,35.2,726.0,744.0,,736.0,45.7,34.3,27.5,37.7,745.0,735.0,732.0,741.0,28.3,29.0,,34.8,732.0,727.0,,735.0,29.6,21.4,27.3,15.4,728.0,730.0,730.0,725.0,31.3,36.6,,40.0,733.0,740.0,,743.0,50.0,41.2,20.6,51.1,747.0,734.0,725.0,745.0
1036,12523,SCHOOL,1440,Plainview RE-2,6992,Plainview Elementary School,Mathematics,All Grades,5,< 16,- -,80.0,60.0,- -,- -,- -,- -,- -,- -,- -,- -,- -,- -,- -,- -,- -,- -,- -,- -,- -,- -,4th Congressional District,2755,6892,14397,21045,482441,277944,21267,294563,,,,,,,,,,,,,,,,,,,,,,,,,,,,,,,,,,,,,,,,,,,,,,,,
1318,15038,SCHOOL,2700,Pueblo County 70,856,Beulah Middle School,Mathematics,All Grades,42,40,2,95.2,97.8,98.5,724,34,- -,- -,- -,- -,13,32.5,- -,- -,- -,- -,6,15.0,20.0,18.5,-5.0,3rd Congressional District,3475,14079,14222,11460,0,680955,503063,599059,,,,,,,,,,,,,,,,,,,,,,,,,,,,,,,,725.0,,33.3,,,,734.0,,733.0,,,,,725.0,719.0,,741.0
1416,15915,SCHOOL,3100,Weld RE-4,9563,Windsor Charter Academy Middle School,Mathematics,All Grades,370,355,15,95.9,97.8,,756,28,9,2.5,34,9.6,105,29.6,168,47.3,39,11.0,207,58.3,54.7,,3.59999999999999,4th Congressional District,4568,4201,6996,94,1749589,1533335,2595538,33113,,,,,,,,,,,,,,,,,,,,,,,,,52.2,48.1,,,749.0,749.0,744.0,,58.1,45.5,,,755.0,749.0,,,64.2,71.1,41.7,,763.0,763.0,745.0,
1313,14997,SCHOOL,2690,Pueblo City 60,9808,Pueblo Youth Service Center,Mathematics,All Grades,< 4,- -,- -,- -,,- -,- -,- -,- -,- -,- -,- -,- -,- -,- -,- -,- -,- -,- -,- -,,- -,- -,3rd Congressional District,4685,43519,3054,22315,0,355304,0,295099,,,,,,,,,,,,,,,,,,,,,,,,,,,,,,,,,,,,,,,,,,,,,,,,
1513,16927,SCHOOL,9170,Education reEnvisioned BOCES,1007,Education reEnvisioned School,Mathematics,All Grades,12,< 16,- -,0.0,,,- -,- -,- -,- -,- -,- -,- -,- -,- -,- -,- -,- -,- -,- -,,,- -,5th Congressional District,4690,0,0,0,3449209,0,0,0,,,,,,,,,,,,,,,,,,,,,,,,,,,,,,,,,,,,,,,,,,,,,,,,
79,3508,SCHOOL,40,School District 27J,5918,Southlawn Elementary School,Mathematics,All Grades,194,188,6,96.9,,,722,34,53,28.2,48,25.5,45,23.9,34,18.1,8,4.3,42,22.3,,,,8th Congressional District,4706,0,0,0,0,0,0,0,24.6,,,,718.0,,,,13.8,,,,717.0,,,,29.0,,,,731.0,,,,,,,,,,,,,,,,,,,,,,,,,,,
82,3535,SCHOOL,40,School District 27J,6687,27J Online Academy,Mathematics,All Grades,148,29,119,19.6,37,,705,28,- -,- -,- -,- -,- -,- -,- -,- -,- -,- -,- -,- -,- -,,- -,8th Congressional District,4706,9147,0,0,0,2206523,52246,0,,,,,,,,,,,,,,,,,,,,,,,,,,,,,,,,,,,,,,,,,,,,,,,,
74,3448,SCHOOL,40,School District 27J,1796,Colorado Connections Academy,Mathematics,All Grades,652,190,462,29.1,,,719,29,49,25.8,63,33.2,51,26.8,- -,- -,- -,- -,27,14.2,,,,8th Congressional District,4706,0,0,0,0,0,0,0,,,,,717.0,,,,,,,,714.0,,,,17.4,,,,721.0,,,,20.0,,,,727.0,,,,,,,,717.0,,,,,,,,721.0,,,
678,9259,SCHOOL,980,Harrison 2,5898,Atlas Preparatory Elementary School,Mathematics,All Grades,100,100,0,100.0,96.7,,714,34,33,33.0,28,28.0,24,24.0,- -,- -,- -,- -,15,15.0,24.1,,-9.1,5th Congressional District,4749,12263,8486,0,6293700,3314474,1540705,819816,21.2,24.1,,,714.0,721.0,,,8.3,,,,713.0,,,,,,,,,,,,,,,,,,,,,,,,,,,,,,,,,,,
